name,email address, age
ben , ben@hotmail.com, 2
ben , ben@hotmail.com, 2
ben , ben@hotmail.com, 2
ben , ben@hotmail.com, 2
ben , ben@hotmail.com, 2
ben , ben@hotmail.com, 2
ben , ben@hotmail.com, 2
ben , ben@hotmail.com, 2
ben , ben@hotmail.com, 2
ben , ben@hotmail.com, 2
ben , ben@hotmail.com, 2
ben , ben@hotmail.com, 2
ben , ben@hotmail.com, 2
ben , ben@hotmail.com, 2
ben , ben@hotmail.com, 2
ben , ben@hotmail.com, 2
ben , ben@hotmail.com, 2
ben , ben@hotmail.com, 2
ben , ben@hotmail.com, 2
ben , ben@hotmail.com, 2
ben , ben@hotmail.com, 2
ben , ben@hotmail.com, 2
ben , ben@hotmail.com, 2
ben , ben@hotmail.com, 2
ben , ben@hotmail.com, 2
ben , ben@hotmail.com, 2
ben , ben@hotmail.com, 2
ben , ben@hotmail.com, 2
ben , ben@hotmail.com, 2
ben , ben@hotmail.com, 2
ben , ben@hotmail.com, 2
ben , ben@hotmail.com, 2
ben , ben@hotmail.com, 2
ben , ben@hotmail.com, 2
ben , ben@hotmail.com, 2
ben , ben@hotmail.com, 2
ben , ben@hotmail.com, 2
ben , ben@hotmail.com, 2
ben , ben@hotmail.com, 2
ben , ben@hotmail.com, 2
ben , ben@hotmail.com, 2
ben , ben@hotmail.com, 2
ben , ben@hotmail.com, 2
ben , ben@hotmail.com, 2
ben , ben@hotmail.com, 2
ben , ben@hotmail.com, 2
ben , ben@hotmail.com, 2
ben , ben@hotmail.com, 2
ben , ben@hotmail.com, 2
ben , ben@hotmail.com, 2
ben , ben@hotmail.com, 2
ben , ben@hotmail.com, 2
ben , ben@hotmail.com, 2
ben , ben@hotmail.com, 2
bob , bob@hotmail.com, 2
